{"cameraMode":{"drawMode":0,"name":"Shaded","section":"Shading Mode"},"sceneLighting":false,"audioPlay":false,"sceneViewState":{"m_AlwaysRefresh":false,"showFog":true,"showSkybox":false,"showFlares":true,"showImageEffects":true,"showParticleSystems":true,"showVisualEffectGraphs":true,"m_FxEnabled":true},"in2DMode":false,"pivot":{"x":-1.9650001525878907,"y":1.357227087020874,"z":1.074836254119873},"rotation":{"x":-0.3440701365470886,"y":0.016053782775998117,"z":-0.005880111362785101,"w":-0.9387593865394592},"size":1.2017300128936768,"orthographic":false}