{"cameraMode":{"drawMode":0,"name":"Shaded","section":"Shading Mode"},"sceneLighting":false,"audioPlay":false,"sceneViewState":{"m_AlwaysRefresh":false,"showFog":true,"showSkybox":false,"showFlares":true,"showImageEffects":true,"showParticleSystems":true,"showVisualEffectGraphs":true,"m_FxEnabled":true},"in2DMode":false,"pivot":{"x":0.42503321170806887,"y":0.3762558698654175,"z":0.047898080199956897},"rotation":{"x":0.15748344361782075,"y":-0.5506742000579834,"z":0.1067054346203804,"w":0.8127447366714478},"size":1.0322786569595338,"orthographic":false}