{"cameraMode":{"drawMode":0,"name":"Shaded","section":"Shading Mode"},"sceneLighting":false,"audioPlay":false,"sceneViewState":{"m_AlwaysRefresh":false,"showFog":true,"showSkybox":false,"showFlares":true,"showImageEffects":true,"showParticleSystems":true,"showVisualEffectGraphs":true,"m_FxEnabled":true},"in2DMode":false,"pivot":{"x":-1.8869584798812867,"y":1.0590864419937134,"z":-12.898510932922364},"rotation":{"x":0.38370800018310549,"y":-0.22893542051315309,"z":0.09879346936941147,"w":0.8891581296920776},"size":1.5378602743148804,"orthographic":false}