{"cameraMode":{"drawMode":0,"name":"Shaded","section":"Shading Mode"},"sceneLighting":false,"audioPlay":false,"sceneViewState":{"m_AlwaysRefresh":false,"showFog":true,"showSkybox":false,"showFlares":true,"showImageEffects":true,"showParticleSystems":true,"showVisualEffectGraphs":true,"m_FxEnabled":true},"in2DMode":false,"pivot":{"x":-1.4004201889038087,"y":1.758916974067688,"z":1.5374548435211182},"rotation":{"x":0.26328009366989138,"y":0.47670555114746096,"z":-0.15215136110782624,"w":0.8246992230415344},"size":0.47207650542259219,"orthographic":false}