{"cameraMode":{"drawMode":0,"name":"Shaded","section":"Shading Mode"},"sceneLighting":false,"audioPlay":false,"sceneViewState":{"m_AlwaysRefresh":false,"showFog":true,"showSkybox":false,"showFlares":true,"showImageEffects":true,"showParticleSystems":true,"showVisualEffectGraphs":true,"m_FxEnabled":true},"in2DMode":false,"pivot":{"x":-0.15548042953014375,"y":0.08328027278184891,"z":0.8135716915130615},"rotation":{"x":0.43172675371170046,"y":0.26661068201065066,"z":-0.13521157205104829,"w":0.8509343266487122},"size":0.47207650542259219,"orthographic":false}