{"cameraMode":{"drawMode":0,"name":"Shaded","section":"Shading Mode"},"sceneLighting":false,"audioPlay":false,"sceneViewState":{"m_AlwaysRefresh":false,"showFog":true,"showSkybox":false,"showFlares":true,"showImageEffects":true,"showParticleSystems":true,"showVisualEffectGraphs":true,"m_FxEnabled":true},"in2DMode":false,"pivot":{"x":-0.31466829776763918,"y":1.3865699768066407,"z":1.2967872619628907},"rotation":{"x":0.31779101490974429,"y":0.34088948369026186,"z":-0.123630091547966,"w":0.8759914636611939},"size":0.47207650542259219,"orthographic":false}