{"cameraMode":{"drawMode":0,"name":"Shaded","section":"Shading Mode"},"sceneLighting":true,"audioPlay":false,"sceneViewState":{"m_AlwaysRefresh":false,"showFog":true,"showSkybox":true,"showFlares":true,"showImageEffects":true,"showParticleSystems":true,"showVisualEffectGraphs":true,"m_FxEnabled":true},"in2DMode":false,"pivot":{"x":356.2474365234375,"y":1374.5562744140625,"z":146.50267028808595},"rotation":{"x":0.03585560619831085,"y":-0.08173491060733795,"z":0.003107514465227723,"w":0.995876669883728},"size":230.2309112548828,"orthographic":false}